0.000000,25.000000,37.000000,30.000002,0.750000,6.250000,25.000000
37.000000,-12.000000,-23.260002,-14.400001,0.390000,-9.250000,25.000000
13.739998,11.260002,20.054804,13.512003,0.727800,5.815001,25.000000
33.794800,-8.794800,-15.103505,-10.553761,0.463956,-5.013700,25.000000
18.691296,6.308704,11.999538,7.570446,0.653217,3.775876,25.000000
30.690834,-5.690834,-9.346394,-6.829001,0.482492,-2.999885,25.000000
21.344440,3.655560,7.315429,4.386672,0.592159,2.336598,25.000000
28.659870,-3.659870,-5.738339,-4.391844,0.482363,-1.828857,25.000000
22.921532,2.078468,4.473464,2.494162,0.544717,1.434585,25.000000
27.394995,-2.394995,-3.519493,-2.873994,0.472867,-1.118366,25.000000
23.875502,1.124498,2.735873,1.349398,0.506602,0.879873,25.000000
26.611376,-1.611376,-2.159359,-1.933651,0.458261,-0.683969,25.000000
24.452017,0.547983,1.672120,0.657580,0.474700,0.539840,25.000000
26.124136,-1.124136,-1.326017,-1.348963,0.440976,-0.418030,25.000000
24.798119,0.201881,1.020795,0.242258,0.447033,0.331504,25.000000
25.818913,-0.818913,-0.815428,-0.982695,0.422465,-0.255198,25.000000
25.003485,-0.003485,0.622036,-0.004182,0.422361,0.203857,25.000000
25.625521,-0.625521,-0.502539,-0.750625,0.403595,-0.155509,25.000000
25.122982,-0.122982,0.377962,-0.147578,0.399906,0.125635,25.000000
25.500944,-0.500944,-0.310746,-0.601133,0.384877,-0.094491,25.000000
25.190197,-0.190197,0.228622,-0.228236,0.379171,0.077687,25.000000
25.418819,-0.418819,-0.193132,-0.502583,0.366607,-0.057156,25.000000
25.225687,-0.225687,0.137295,-0.270824,0.359836,0.048283,25.000000
25.362982,-0.362982,-0.120955,-0.435578,0.348947,-0.034324,25.000000
25.242027,-0.242027,0.081492,-0.290433,0.341686,0.030239,25.000000
25.323519,-0.323519,-0.076615,-0.388223,0.331980,-0.020373,25.000000
25.246904,-0.246904,0.047442,-0.296285,0.324573,0.019154,25.000000
25.294346,-0.294346,-0.049333,-0.353215,0.315743,-0.011860,25.000000
25.245014,-0.245014,0.026708,-0.294017,0.308392,0.012333,25.000000
25.271723,-0.271723,-0.032504,-0.326067,0.300241,-0.006677,25.000000
25.239220,-0.239220,0.014126,-0.287064,0.293064,0.008126,25.000000
25.253345,-0.253345,-0.022082,-0.304015,0.285464,-0.003531,25.000000
25.231264,-0.231264,0.006529,-0.277517,0.278526,0.005520,25.000000
25.237793,-0.237793,-0.015592,-0.285352,0.271392,-0.001632,25.000000
25.222200,-0.222200,0.001984,-0.266640,0.264726,0.003898,25.000000
25.224184,-0.224184,-0.011516,-0.269021,0.258001,-0.000496,25.000000
25.212667,-0.212667,-0.000701,-0.255201,0.251621,0.002879,25.000000
25.211966,-0.211966,-0.008922,-0.254359,0.245262,0.000175,25.000000
25.203045,-0.203045,-0.002253,-0.243654,0.239170,0.002230,25.000000
25.200792,-0.200792,-0.007241,-0.240951,0.233146,0.000563,25.000000
25.193552,-0.193552,-0.003112,-0.232262,0.227340,0.001810,25.000000
25.190439,-0.190439,-0.006122,-0.228527,0.221627,0.000778,25.000000
25.184317,-0.184317,-0.003552,-0.221180,0.216097,0.001531,25.000000
25.180765,-0.180765,-0.005356,-0.216918,0.210674,0.000888,25.000000
25.175409,-0.175409,-0.003740,-0.210491,0.205412,0.001339,25.000000
25.171669,-0.171669,-0.004806,-0.206003,0.200262,0.000935,25.000000
25.166862,-0.166862,-0.003777,-0.200235,0.195256,0.001202,25.000000
25.163086,-0.163086,-0.004395,-0.195703,0.190363,0.000944,25.000000
25.158689,-0.158689,-0.003725,-0.190427,0.185603,0.001099,25.000000
25.154964,-0.154964,-0.004072,-0.185957,0.180954,0.000931,25.000000
25.150892,-0.150892,-0.003626,-0.181071,0.176427,0.001018,25.000000
25.147266,-0.147266,-0.003804,-0.176720,0.172009,0.000906,25.000000
25.143463,-0.143463,-0.003500,-0.172156,0.167705,0.000951,25.000000
25.139963,-0.139963,-0.003574,-0.167956,0.163506,0.000875,25.000000
25.136389,-0.136389,-0.003358,-0.163667,0.159415,0.000894,25.000000
25.133030,-0.133030,-0.003372,-0.159636,0.155424,0.000840,25.000000
25.129658,-0.129658,-0.003212,-0.155589,0.151534,0.000843,25.000000
25.126446,-0.126446,-0.003191,-0.151735,0.147741,0.000803,25.000000
25.123255,-0.123255,-0.003065,-0.147906,0.144043,0.000798,25.000000
25.120190,-0.120190,-0.003024,-0.144228,0.140437,0.000766,25.000000
25.117167,-0.117167,-0.002922,-0.140600,0.136922,0.000756,25.000000
25.114244,-0.114244,-0.002868,-0.137093,0.133495,0.000731,25.000000
25.111376,-0.111376,-0.002780,-0.133651,0.130154,0.000717,25.000000
25.108595,-0.108595,-0.002723,-0.130314,0.126896,0.000695,25.000000
25.105871,-0.105871,-0.002645,-0.127045,0.123720,0.000681,25.000000
25.103226,-0.103226,-0.002587,-0.123871,0.120623,0.000661,25.000000
25.100639,-0.100639,-0.002517,-0.120767,0.117604,0.000647,25.000000
25.098122,-0.098122,-0.002456,-0.117746,0.114660,0.000629,25.000000
25.095665,-0.095665,-0.002394,-0.114798,0.111790,0.000614,25.000000
25.093271,-0.093271,-0.002335,-0.111926,0.108992,0.000598,25.000000
25.090937,-0.090937,-0.002276,-0.109124,0.106264,0.000584,25.000000
25.088661,-0.088661,-0.002220,-0.106393,0.103604,0.000569,25.000000
25.086441,-0.086441,-0.002163,-0.103729,0.101011,0.000555,25.000000
25.084278,-0.084278,-0.002110,-0.101134,0.098483,0.000541,25.000000
25.082169,-0.082169,-0.002057,-0.098602,0.096017,0.000527,25.000000
25.080111,-0.080111,-0.002004,-0.096133,0.093614,0.000515,25.000000
25.078106,-0.078106,-0.001955,-0.093727,0.091271,0.000501,25.000000
25.076151,-0.076151,-0.001906,-0.091381,0.088986,0.000489,25.000000
25.074245,-0.074245,-0.001859,-0.089095,0.086759,0.000476,25.000000
25.072386,-0.072386,-0.001811,-0.086863,0.084588,0.000465,25.000000
25.070576,-0.070576,-0.001768,-0.084691,0.082470,0.000453,25.000000
25.068808,-0.068808,-0.001721,-0.082569,0.080406,0.000442,25.000000
25.067087,-0.067087,-0.001681,-0.080505,0.078393,0.000430,25.000000
25.065407,-0.065407,-0.001637,-0.078488,0.076431,0.000420,25.000000
25.063770,-0.063770,-0.001597,-0.076524,0.074518,0.000409,25.000000
25.062174,-0.062174,-0.001557,-0.074609,0.072653,0.000399,25.000000
25.060617,-0.060617,-0.001517,-0.072741,0.070834,0.000389,25.000000
25.059099,-0.059099,-0.001478,-0.070919,0.069061,0.000380,25.000000
25.057621,-0.057621,-0.001443,-0.069145,0.067333,0.000370,25.000000
25.056179,-0.056179,-0.001407,-0.067415,0.065647,0.000360,25.000000
25.054771,-0.054771,-0.001370,-0.065726,0.064004,0.000352,25.000000
25.053402,-0.053402,-0.001338,-0.064082,0.062402,0.000342,25.000000
25.052065,-0.052065,-0.001303,-0.062478,0.060840,0.000334,25.000000
25.050762,-0.050762,-0.001272,-0.060915,0.059317,0.000326,25.000000
25.049490,-0.049490,-0.001237,-0.059388,0.057833,0.000318,25.000000
25.048252,-0.048252,-0.001208,-0.057903,0.056385,0.000309,25.000000
25.047045,-0.047045,-0.001178,-0.056454,0.054974,0.000302,25.000000
25.045866,-0.045866,-0.001147,-0.055039,0.053598,0.000295,25.000000
25.044720,24.955280,36.945282,29.946337,0.748658,6.250287,50.000000
61.990002,-11.990002,-23.235365,-14.388002,0.388958,-9.236320,50.000000
38.754639,11.245361,20.029594,13.494434,0.726319,5.808841,50.000000
58.784233,-8.784233,-15.085687,-10.541080,0.462792,-5.007399,50.000000
43.698547,6.301453,11.985000,7.561743,0.651836,3.771421,50.000000
55.683548,-5.683548,-9.335178,-6.820258,0.481329,-2.996250,50.000000
46.348370,3.651630,7.306629,4.381957,0.590878,2.333795,50.000000
53.654999,-3.654999,-5.731428,-4.385999,0.481228,-1.826657,50.000000
47.923573,2.076427,4.468091,2.491713,0.543521,1.432857,50.000000
52.391663,-2.391663,-3.515246,-2.869995,0.471771,-1.117023,50.000000
48.876415,1.123585,2.732593,1.348302,0.505479,0.878812,50.000000
51.609009,-1.609009,-2.156750,-1.930811,0.457209,-0.683148,50.000000
49.452259,0.547741,1.670117,0.657289,0.473641,0.539187,50.000000
51.122375,-1.122375,-1.324410,-1.346851,0.439969,-0.417529,50.000000
49.797966,0.202034,1.019574,0.242441,0.446030,0.331102,50.000000
50.817539,-0.817539,-0.814436,-0.981047,0.421504,-0.254893,50.000000
50.003101,-0.003101,0.621299,-0.003722,0.421411,0.203609,50.000000
50.624401,-0.624401,-0.501927,-0.749281,0.402679,-0.155325,50.000000
50.122475,-0.122475,0.377517,-0.146970,0.399005,0.125482,50.000000
50.499992,-0.499992,-0.310365,-0.599991,0.384005,-0.094379,50.000000
50.189629,-0.189629,0.228353,-0.227554,0.378316,0.077591,50.000000
50.417980,-0.417980,-0.192887,-0.501576,0.365777,-0.057088,50.000000
50.225094,-0.225094,0.137133,-0.270113,0.359024,0.048222,50.000000
50.362228,-0.362228,-0.120800,-0.434674,0.348157,-0.034284,50.000000
50.241428,-0.241428,0.081400,-0.289714,0.340914,0.030200,50.000000
50.322830,-0.322830,-0.076517,-0.387396,0.331230,-0.020350,50.000000
50.246311,-0.246311,0.047397,-0.295573,0.323840,0.019130,50.000000
50.293709,-0.293709,-0.049271,-0.352451,0.315029,-0.011849,50.000000
50.244438,-0.244438,0.026688,-0.293326,0.307696,0.012318,50.000000
50.271126,-0.271126,-0.032461,-0.325351,0.299562,-0.006672,50.000000
50.238667,-0.238667,0.014117,-0.286400,0.292402,0.008115,50.000000
50.252785,-0.252785,-0.022053,-0.303342,0.284818,-0.003530,50.000000
50.230732,-0.230732,0.006531,-0.276878,0.277897,0.005513,50.000000
50.237263,-0.237263,-0.015569,-0.284715,0.270779,-0.001633,50.000000
50.221695,-0.221695,0.001986,-0.266034,0.264128,0.003892,50.000000
50.223682,-0.223682,-0.011498,-0.268419,0.257417,-0.000497,50.000000
50.212185,-0.212185,-0.000696,-0.254622,0.251052,0.002874,50.000000
50.211491,-0.211491,-0.008908,-0.253789,0.244707,0.000174,50.000000
50.202583,-0.202583,-0.002244,-0.243100,0.238630,0.002227,50.000000
50.200340,-0.200340,-0.007228,-0.240408,0.232619,0.000561,50.000000
50.193111,-0.193111,-0.003100,-0.231734,0.226826,0.001807,50.000000
50.190010,-0.190010,-0.006111,-0.228012,0.221126,0.000775,50.000000
50.183899,-0.183899,-0.003542,-0.220679,0.215609,0.001528,50.000000
50.180355,-0.180355,-0.005342,-0.216426,0.210198,0.000886,50.000000
50.175014,-0.175014,-0.003735,-0.210017,0.204948,0.001335,50.000000
50.171280,-0.171280,-0.004793,-0.205536,0.199809,0.000934,50.000000
50.166489,-0.166489,-0.003774,-0.199786,0.194815,0.001198,50.000000
50.162716,-0.162716,-0.004383,-0.195259,0.189933,0.000943,50.000000
50.158333,-0.158333,-0.003721,-0.189999,0.185183,0.001096,50.000000
50.154613,-0.154613,-0.004062,-0.185536,0.180545,0.000930,50.000000
50.150551,-25.150551,-37.184162,-30.180662,-0.754517,-6.248984,25.000000
12.966389,12.033611,23.342865,14.440334,-0.393508,9.296041,25.000000
36.309254,-11.309254,-20.139608,-13.571105,-0.732786,-5.835716,25.000000
16.169645,8.830355,15.163453,10.596426,-0.467875,5.034902,25.000000
31.333099,-6.333099,-12.048451,-7.599720,-0.657868,-3.790864,25.000000
19.284649,5.715351,9.384128,6.858422,-0.486408,3.012113,25.000000
28.668777,-3.668777,-7.345036,-4.402533,-0.596471,-2.346032,25.000000
21.323742,3.676258,5.761586,4.411510,-0.486183,1.836259,25.000000
27.085327,-2.085327,-4.491532,-2.502393,-0.548743,-1.440396,25.000000
22.593796,2.406204,3.533772,2.887445,-0.476557,1.122883,25.000000
26.127567,-1.127567,-2.746907,-1.353081,-0.510384,-0.883443,25.000000
23.380659,1.619341,2.168133,1.943209,-0.461804,0.686727,25.000000
25.548792,-0.548792,-1.678851,-0.658550,-0.478267,-0.542033,25.000000
23.869942,1.130058,1.331417,1.356070,-0.444366,0.419713,25.000000
25.201359,-0.201359,-1.024891,-0.241631,-0.450406,-0.332854,25.000000
24.176468,0.823532,0.818761,0.988239,-0.425700,0.256223,25.000000
24.995228,0.004772,-0.624521,0.005727,-0.425557,-0.204690,25.000000
24.370707,0.629293,0.504604,0.755152,-0.406678,0.156130,25.000000
24.875311,0.124689,-0.379462,0.149627,-0.402938,-0.126151,25.000000
24.495850,0.504150,0.312033,0.604980,-0.387813,0.094865,25.000000
24.807882,0.192118,-0.229517,0.230541,-0.382050,-0.078008,25.000000
24.578365,0.421635,0.193940,0.505962,-0.369401,0.057379,25.000000
24.772306,0.227694,-0.137823,0.273232,-0.362570,-0.048485,25.000000
24.634483,0.365517,0.121471,0.438620,-0.351604,0.034456,25.000000
24.755955,0.244045,-0.081797,0.292854,-0.344283,-0.030368,25.000000
24.674158,0.325842,0.076952,0.391010,-0.334508,0.020449,25.000000
24.751110,0.248890,-0.047611,0.298668,-0.327041,-0.019238,25.000000
24.703499,0.296501,0.049558,0.355801,-0.318146,0.011903,25.000000
24.753057,0.246943,-0.026796,0.296331,-0.310738,-0.012390,25.000000
24.726261,0.273739,0.032660,0.328487,-0.302526,0.006699,25.000000
24.758921,0.241079,-0.014163,0.289295,-0.295293,-0.008165,25.000000
24.744759,0.255241,0.022194,0.306290,-0.287636,0.003541,25.000000
24.766953,0.233047,-0.006536,0.279657,-0.280645,-0.005548,25.000000
24.760416,0.239584,0.015678,0.287501,-0.273457,0.001634,25.000000
24.776094,0.223906,-0.001973,0.268687,-0.266740,-0.003920,25.000000
24.774122,0.225878,0.011583,0.271053,-0.259964,0.000493,25.000000
24.785706,0.214294,0.000723,0.257153,-0.253535,-0.002896,25.000000
24.786428,0.213572,0.008978,0.256286,-0.247128,-0.000181,25.000000
24.795406,0.204594,0.002278,0.245512,-0.240990,-0.002244,25.000000
24.797684,0.202316,0.007290,0.242780,-0.234920,-0.000569,25.000000
24.804974,0.195026,0.003140,0.234032,-0.229069,-0.001822,25.000000
24.808113,0.191887,0.006167,0.230264,-0.223313,-0.000785,25.000000
24.814280,0.185720,0.003582,0.222865,-0.217741,-0.001542,25.000000
24.817862,0.182138,0.005394,0.218566,-0.212277,-0.000896,25.000000
24.823256,0.176744,0.003770,0.212093,-0.206975,-0.001348,25.000000
24.827026,0.172974,0.004840,0.207568,-0.201786,-0.000943,25.000000
24.831867,0.168133,0.003808,0.201759,-0.196742,-0.001210,25.000000
24.835674,0.164326,0.004427,0.197191,-0.191812,-0.000952,25.000000
24.840101,0.159899,0.003757,0.191879,-0.187015,-0.001107,25.000000
24.843859,0.156141,0.004100,0.187370,-0.182331,-0.000939,25.000000
24.847958,0.152042,0.003657,0.182451,-0.177769,-0.001025,25.000000
24.851614,0.148386,0.003831,0.178063,-0.173318,-0.000914,25.000000
24.855446,0.144554,0.003526,0.173465,-0.168981,-0.000958,25.000000
24.858973,0.141027,0.003601,0.169233,-0.164750,-0.000882,25.000000
24.862574,0.137426,0.003384,0.164912,-0.160628,-0.000900,25.000000
24.865957,0.134043,0.003399,0.160851,-0.156606,-0.000846,25.000000
24.869356,0.130644,0.003236,0.156773,-0.152687,-0.000850,25.000000
24.872593,0.127407,0.003215,0.152888,-0.148865,-0.000809,25.000000
24.875807,0.124193,0.003089,0.149032,-0.145139,-0.000803,25.000000
24.878897,0.121103,0.003046,0.145324,-0.141506,-0.000772,25.000000
24.881943,0.118057,0.002943,0.141669,-0.137964,-0.000762,25.000000
24.884886,0.115114,0.002891,0.138137,-0.134511,-0.000736,25.000000
24.887777,0.112223,0.002800,0.134667,-0.131144,-0.000723,25.000000
24.890577,0.109423,0.002746,0.131307,-0.127861,-0.000700,25.000000
24.893324,0.106676,0.002664,0.128011,-0.124661,-0.000687,25.000000
24.895988,0.104012,0.002607,0.124814,-0.121541,-0.000666,25.000000
24.898596,0.101404,0.002535,0.121685,-0.118499,-0.000652,25.000000
24.901131,0.098869,0.002477,0.118643,-0.115532,-0.000634,25.000000
24.903608,0.096392,0.002410,0.115670,-0.112641,-0.000619,25.000000
24.906017,0.093983,0.002356,0.112779,-0.109821,-0.000602,25.000000
24.908373,0.091627,0.002291,0.109953,-0.107072,-0.000589,25.000000
24.910664,0.089336,0.002239,0.107204,-0.104392,-0.000573,25.000000
24.912903,0.087097,0.002177,0.104517,-0.101779,-0.000560,25.000000
24.915081,0.084919,0.002126,0.101903,-0.099232,-0.000545,25.000000
24.917208,0.082792,0.002071,0.099351,-0.096748,-0.000532,25.000000
24.919279,0.080721,0.002021,0.096865,-0.094326,-0.000518,25.000000
24.921299,0.078701,0.001971,0.094441,-0.091965,-0.000505,25.000000
24.923269,0.076731,0.001921,0.092077,-0.089664,-0.000493,25.000000
24.925190,0.074810,0.001873,0.089772,-0.087419,-0.000480,25.000000
24.927063,0.072937,0.001825,0.087524,-0.085231,-0.000468,25.000000
24.928888,0.071112,0.001780,0.085334,-0.083098,-0.000456,25.000000
24.930668,0.069332,0.001736,0.083199,-0.081018,-0.000445,25.000000
24.932404,0.067596,0.001692,0.081116,-0.078990,-0.000434,25.000000
24.934095,0.065905,0.001650,0.079086,-0.077013,-0.000423,25.000000
24.935745,0.064255,0.001608,0.077106,-0.075085,-0.000412,25.000000
24.937353,0.062647,0.001569,0.075176,-0.073206,-0.000402,25.000000
24.938921,0.061079,0.001530,0.073295,-0.071373,-0.000392,25.000000
24.940451,0.059549,0.001490,0.071459,-0.069587,-0.000382,25.000000
24.941940,0.058060,0.001454,0.069672,-0.067845,-0.000372,25.000000
24.943394,0.056606,0.001417,0.067928,-0.066147,-0.000363,25.000000
24.944811,0.055189,0.001381,0.066227,-0.064491,-0.000354,25.000000
24.946192,0.053808,0.001348,0.064570,-0.062877,-0.000345,25.000000
24.947540,0.052460,0.001311,0.062952,-0.061303,-0.000337,25.000000
24.948853,0.051147,0.001280,0.061377,-0.059769,-0.000328,25.000000
24.950132,0.049868,0.001248,0.059841,-0.058273,-0.000320,25.000000
24.951382,0.048618,0.001215,0.058342,-0.056814,-0.000312,25.000000
24.952597,0.047403,0.001188,0.056884,-0.055392,-0.000304,25.000000
24.953785,0.046215,0.001155,0.055458,-0.054006,-0.000297,25.000000
24.954941,0.045059,0.001128,0.054071,-0.052654,-0.000289,25.000000
24.956070,25.043930,37.053753,30.052717,0.751318,6.249718,50.000000
62.009823,-12.009823,-23.284203,-14.411788,0.391023,-9.263438,50.000000
38.725620,11.274380,20.079561,13.529256,0.729255,5.821051,50.000000
58.805183,-8.805183,-15.121012,-10.566220,0.465099,-5.019891,50.000000
43.684174,6.315826,12.013819,7.578992,0.654574,3.780252,50.000000
55.697990,-5.697990,-9.357409,-6.837589,0.483634,-3.003454,50.000000
46.340580,3.659420,7.324073,4.391304,0.593417,2.339353,50.000000
53.664654,-3.664654,-5.745126,-4.397585,0.483477,-1.831018,50.000000
47.919529,2.080471,4.478738,2.496565,0.545891,1.436281,50.000000
52.398266,-2.398266,-3.523660,-2.877919,0.473943,-1.119684,50.000000
48.874607,1.125393,2.739091,1.350471,0.507705,0.880915,50.000000
51.613697,-1.613697,-2.161915,-1.936437,0.459294,-0.684772,50.000000
49.451782,0.548218,1.674081,0.657861,0.475741,0.540479,50.000000
51.125862,-1.125862,-1.327590,-1.351035,0.441965,-0.418520,50.000000
49.798271,0.201729,1.021989,0.242075,0.448017,0.331898,50.000000
50.820259,-0.820259,-0.816399,-0.984311,0.423409,-0.255497,50.000000
50.003860,-0.003860,0.622760,-0.004633,0.423293,0.204100,50.000000
50.626621,-0.626621,-0.503141,-0.751946,0.404495,-0.155690,50.000000
50.123482,-0.123482,0.378397,-0.148178,0.400790,0.125785,50.000000
50.501877,-0.501877,-0.311117,-0.602252,0.385734,-0.094599,50.000000
50.190758,-0.190758,0.228882,-0.228909,0.380011,0.077780,50.000000
50.419640,-0.419640,-0.193366,-0.503568,0.367422,-0.057220,50.000000
50.226273,-0.226273,0.137448,-0.271527,0.360634,0.048342,50.000000
50.363720,-0.363720,-0.121104,-0.436464,0.349722,-0.034362,50.000000
50.242615,-0.242615,0.081582,-0.291138,0.342444,0.030276,50.000000
50.324196,-0.324196,-0.076713,-0.389035,0.332718,-0.020395,50.000000
50.247482,-0.247482,0.047493,-0.296979,0.325293,0.019178,50.000000
50.294975,-0.294975,-0.049400,-0.353970,0.316444,-0.011873,50.000000
50.245575,-0.245575,0.026737,-0.294690,0.309077,0.012350,50.000000
50.272312,-0.272312,-0.032551,-0.326775,0.300907,-0.006684,50.000000
50.239761,-0.239761,0.014139,-0.287714,0.293715,0.008138,50.000000
50.253899,-0.253899,-0.022115,-0.304678,0.286098,-0.003534,50.000000
50.231785,-0.231785,0.006531,-0.278142,0.279144,0.005528,50.000000
50.238316,-0.238316,-0.015617,-0.285979,0.271995,-0.001633,50.000000
50.222698,-0.222698,0.001980,-0.267238,0.265314,0.003904,50.000000
50.224678,-0.224678,-0.011535,-0.269614,0.258573,-0.000495,50.000000
50.213142,-0.213142,-0.000708,-0.255771,0.252179,0.002884,50.000000
50.212433,-0.212433,-0.008936,-0.254919,0.245806,0.000177,50.000000
50.203495,-0.203495,-0.002258,-0.244194,0.239701,0.002234,50.000000
50.201237,-0.201237,-0.007255,-0.241484,0.233664,0.000565,50.000000
50.193981,-0.193981,-0.003119,-0.232777,0.227845,0.001814,50.000000
50.190861,-0.190861,-0.006134,-0.229033,0.222119,0.000780,50.000000
50.184727,-0.184727,-0.003562,-0.221672,0.216577,0.001534,50.000000
50.181164,-0.181164,-0.005364,-0.217397,0.211142,0.000891,50.000000
50.175800,-0.175800,-0.003751,-0.210960,0.205868,0.001341,50.000000
50.172050,-0.172050,-0.004817,-0.206461,0.200707,0.000937,50.000000
50.167233,-0.167233,-0.003785,-0.200679,0.195690,0.001204,50.000000
50.163448,-0.163448,-0.004406,-0.196138,0.190786,0.000946,50.000000
50.159042,-0.159042,-0.003734,-0.190851,0.186015,0.001101,50.000000
50.155308,-0.155308,-0.004080,-0.186369,0.181356,0.000934,50.000000
50.151226,-0.151226,-0.003632,-0.181471,0.176819,0.001020,50.000000
50.147594,-0.147594,-0.003814,-0.177113,0.172391,0.000908,50.000000
50.143780,-0.143780,-0.003504,-0.172536,0.168078,0.000954,50.000000
50.140274,-0.140274,-0.003583,-0.168329,0.163869,0.000876,50.000000
50.136692,-0.136692,-0.003366,-0.164030,0.159769,0.000896,50.000000
50.133327,-0.133327,-0.003383,-0.159993,0.155769,0.000841,50.000000
50.129944,-0.129944,-0.003216,-0.155933,0.151871,0.000846,50.000000
50.126728,-0.126728,-0.003201,-0.152074,0.148069,0.000804,50.000000
50.123528,-0.123528,-0.003070,-0.148233,0.144363,0.000800,50.000000
50.120457,-0.120457,-0.003031,-0.144548,0.140749,0.000768,50.000000
50.117424,-0.117424,-0.002924,-0.140909,0.137226,0.000758,50.000000
50.114498,-0.114498,-0.002875,-0.137398,0.133792,0.000731,50.000000
50.111622,-0.111622,-0.002784,-0.133946,0.130443,0.000719,50.000000
50.108837,-0.108837,-0.002731,-0.130605,0.127178,0.000696,50.000000
50.106106,-0.106106,-0.002650,-0.127327,0.123995,0.000683,50.000000
50.103455,-0.103455,-0.002592,-0.124146,0.120891,0.000663,50.000000
50.100864,-0.100864,-0.002525,-0.121037,0.117865,0.000648,50.000000
50.098339,-0.098339,-0.002461,-0.118007,0.114915,0.000631,50.000000
50.095879,-0.095879,-0.002401,-0.115054,0.112038,0.000615,50.000000
50.093479,-0.093479,-0.002341,-0.112175,0.109234,0.000600,50.000000
50.091137,-0.091137,-0.002279,-0.109364,0.106500,0.000586,50.000000
50.088860,-0.088860,-0.002228,-0.106631,0.103834,0.000569,50.000000
50.086632,-0.086632,-0.002166,-0.103958,0.101235,0.000557,50.000000
50.084465,-0.084465,-0.002115,-0.101358,0.098701,0.000542,50.000000
50.082352,-0.082352,-0.002063,-0.098822,0.096231,0.000528,50.000000
50.080288,-0.080288,-0.002007,-0.096346,0.093822,0.000516,50.000000
50.078281,-0.078281,-0.001962,-0.093938,0.091474,0.000502,50.000000
50.076321,-0.076321,-0.001911,-0.091585,0.089184,0.000490,50.000000
50.074409,-0.074409,-0.001862,-0.089291,0.086952,0.000478,50.000000
50.072548,-0.072548,-0.001817,-0.087058,0.084775,0.000465,50.000000
50.070732,-0.070732,-0.001771,-0.084879,0.082653,0.000454,50.000000
50.068962,-0.068962,-0.001728,-0.082755,0.080585,0.000443,50.000000
50.067234,-0.067234,-0.001681,-0.080681,0.078567,0.000432,50.000000
50.065552,-0.065552,-0.001641,-0.078662,0.076601,0.000421,50.000000
50.063911,-0.063911,-0.001600,-0.076694,0.074684,0.000410,50.000000
50.062313,-0.062313,-0.001562,-0.074776,0.072814,0.000400,50.000000
50.060753,-0.060753,-0.001522,-0.072903,0.070992,0.000390,50.000000
50.059231,-0.059231,-0.001482,-0.071077,0.069215,0.000381,50.000000
50.057751,-0.057751,-0.001449,-0.069301,0.067482,0.000370,50.000000
50.056301,-0.056301,-0.001406,-0.067561,0.065793,0.000362,50.000000
50.054893,-0.054893,-0.001374,-0.065872,0.064146,0.000352,50.000000
50.053520,-0.053520,-0.001340,-0.064224,0.062541,0.000343,50.000000
50.052181,-0.052181,-0.001307,-0.062617,0.060975,0.000335,50.000000
50.050873,-0.050873,-0.001271,-0.061047,0.059449,0.000327,50.000000
50.049603,-0.049603,-0.001244,-0.059523,0.057961,0.000318,50.000000
50.048359,-0.048359,-0.001210,-0.058031,0.056510,0.000311,50.000000
50.047150,-0.047150,-0.001182,-0.056580,0.055096,0.000302,50.000000
50.045967,-0.045967,-0.001148,-0.055161,0.053717,0.000296,50.000000
50.044819,-0.044819,-0.001123,-0.053783,0.052372,0.000287,50.000000
50.043697,-0.043697,-0.001095,-0.052437,0.051061,0.000280,50.000000
50.042603,-25.042603,-37.052128,-30.051125,-0.751278,-6.249726,25.000000
12.990475,12.009525,23.283470,14.411431,-0.390992,9.263032,25.000000
36.273945,-11.273945,-20.078812,-13.528734,-0.729211,-5.820868,25.000000
16.195133,8.804867,15.120479,10.565841,-0.465065,5.019703,25.000000
31.315613,-6.315613,-12.013390,-7.578736,-0.654533,-3.780120,25.000000
19.302223,5.697777,9.357080,6.837332,-0.483600,3.003347,25.000000
28.659302,-3.659302,-7.323811,-4.391162,-0.593379,-2.339270,25.000000
21.335491,3.664509,5.744920,4.397411,-0.483443,1.830953,25.000000
27.080410,-2.080410,-4.478578,-2.496492,-0.545856,-1.436230,25.000000
22.601833,2.398167,3.523533,2.877800,-0.473911,1.119644,25.000000
26.125366,-1.125366,-2.738995,-1.350440,-0.507672,-0.880883,25.000000
23.386372,1.613628,2.161840,1.936354,-0.459263,0.684749,25.000000
25.548212,-0.548212,-1.674024,-0.657854,-0.475709,-0.540460,25.000000
23.874187,1.125813,1.327546,1.350975,-0.441935,0.418506,25.000000
25.201735,-0.201735,-1.021955,-0.242081,-0.447987,-0.331887,25.000000
24.179779,0.820221,0.816374,0.984265,-0.423380,0.255489,25.000000
24.996153,0.003847,-0.622742,0.004617,-0.423265,-0.204093,25.000000
24.373411,0.626589,0.503125,0.751907,-0.404467,0.155685,25.000000
24.876535,0.123465,-0.378387,0.148158,-0.400763,-0.125781,25.000000
24.498148,0.501852,0.311112,0.602222,-0.385708,0.094597,25.000000
24.809259,0.190741,-0.228875,0.228889,-0.379986,-0.077778,25.000000
24.580385,0.419615,0.193359,0.503538,-0.367397,0.057219,25.000000
24.773745,0.226255,-0.137443,0.271507,-0.360609,-0.048340,25.000000
24.636301,0.363699,0.121101,0.436439,-0.349698,0.034361,25.000000
24.757402,0.242598,-0.081579,0.291117,-0.342421,-0.030275,25.000000
24.675823,0.324177,0.076712,0.389012,-0.332695,0.020395,25.000000
24.752535,0.247465,-0.047491,0.296958,-0.325271,-0.019178,25.000000
24.705044,0.294956,0.049398,0.353947,-0.316423,0.011873,25.000000
24.754442,0.245558,-0.026736,0.294669,-0.309056,-0.012350,25.000000
24.727707,0.272293,0.032548,0.326752,-0.300887,0.006684,25.000000
24.760256,0.239744,-0.014139,0.287693,-0.293695,-0.008137,25.000000
24.746117,0.253883,0.022117,0.304660,-0.286078,0.003535,25.000000
24.768232,0.231768,-0.006533,0.278121,-0.279125,-0.005529,25.000000
24.761700,0.238300,0.015617,0.285960,-0.271976,0.001633,25.000000
24.777317,0.222683,-0.001981,0.267220,-0.265296,-0.003904,25.000000
24.775337,0.224663,0.011534,0.269595,-0.258556,0.000495,25.000000
24.786871,0.213129,0.000709,0.255755,-0.252162,-0.002883,25.000000
24.787580,0.212420,0.008937,0.254903,-0.245789,-0.000177,25.000000
24.796516,0.203484,0.002261,0.244180,-0.239685,-0.002234,25.000000
24.798779,0.201221,0.007252,0.241466,-0.233648,-0.000566,25.000000
24.806030,0.193970,0.003122,0.232764,-0.227829,-0.001813,25.000000
24.809153,0.190847,0.006133,0.229017,-0.222104,-0.000781,25.000000
24.815285,0.184715,0.003563,0.221658,-0.216562,-0.001533,25.000000
24.818848,0.181152,0.005364,0.217383,-0.211128,-0.000891,25.000000
24.824211,0.175789,0.003752,0.210947,-0.205854,-0.001341,25.000000
24.827963,0.172037,0.004814,0.206445,-0.200693,-0.000938,25.000000
24.832777,0.167223,0.003788,0.200668,-0.195676,-0.001204,25.000000
24.836565,0.163435,0.004402,0.196122,-0.190773,-0.000947,25.000000
24.840967,0.159033,0.003737,0.190839,-0.186002,-0.001101,25.000000
24.844704,0.155296,0.004078,0.186356,-0.181343,-0.000934,25.000000
24.848782,0.151218,0.003636,0.181462,-0.176807,-0.001019,25.000000
24.852417,0.147583,0.003811,0.177100,-0.172379,-0.000909,25.000000
24.856228,0.143772,0.003508,0.172527,-0.168066,-0.000953,25.000000
24.859735,0.140265,0.003582,0.168317,-0.163858,-0.000877,25.000000
24.863317,0.136683,0.003366,0.164019,-0.159758,-0.000896,25.000000
24.866684,0.133316,0.003379,0.159979,-0.155758,-0.000842,25.000000
24.870064,0.129936,0.003218,0.155923,-0.151860,-0.000845,25.000000
24.873281,0.126719,0.003199,0.152062,-0.148059,-0.000804,25.000000
24.876480,0.123520,0.003071,0.148224,-0.144353,-0.000800,25.000000
24.879551,0.120449,0.003032,0.144539,-0.140740,-0.000768,25.000000
24.882582,0.117418,0.002927,0.140902,-0.137217,-0.000758,25.000000
24.885509,0.114491,0.002874,0.137389,-0.133782,-0.000732,25.000000
24.888384,0.111616,0.002787,0.133939,-0.130434,-0.000719,25.000000
24.891171,0.108829,0.002730,0.130595,-0.127169,-0.000697,25.000000
24.893900,0.106100,0.002652,0.127320,-0.123986,-0.000682,25.000000
24.896551,0.103449,0.002593,0.124139,-0.120882,-0.000663,25.000000
24.899145,0.100855,0.002521,0.121026,-0.117857,-0.000648,25.000000
24.901667,0.098333,0.002463,0.118000,-0.114907,-0.000630,25.000000
24.904129,0.095871,0.002399,0.115045,-0.112031,-0.000616,25.000000
24.906528,0.093472,0.002339,0.112166,-0.109226,-0.000600,25.000000
24.908869,0.091131,0.002280,0.109357,-0.106493,-0.000585,25.000000
24.911148,0.088852,0.002225,0.106622,-0.103827,-0.000570,25.000000
24.913374,0.086626,0.002167,0.103951,-0.101228,-0.000556,25.000000
24.915541,0.084459,0.002115,0.101351,-0.098694,-0.000542,25.000000
24.917656,0.082344,0.002060,0.098813,-0.096224,-0.000529,25.000000
24.919716,0.080284,0.002010,0.096341,-0.093816,-0.000515,25.000000
24.921726,0.078274,0.001959,0.093929,-0.091467,-0.000503,25.000000
24.923685,0.076315,0.001910,0.091578,-0.089178,-0.000490,25.000000
24.925596,0.074404,0.001861,0.089285,-0.086946,-0.000478,25.000000
24.927458,0.072542,0.001816,0.087051,-0.084770,-0.000465,25.000000
24.929274,0.070726,0.001770,0.084872,-0.082648,-0.000454,25.000000
24.931044,0.068956,0.001726,0.082748,-0.080579,-0.000443,25.000000
24.932770,0.067230,0.001683,0.080676,-0.078562,-0.000432,25.000000
24.934452,0.065548,0.001641,0.078658,-0.076596,-0.000421,25.000000
24.936092,0.063908,0.001601,0.076689,-0.074679,-0.000410,25.000000
24.937693,0.062307,0.001559,0.074769,-0.072809,-0.000400,25.000000
24.939253,0.060747,0.001520,0.072897,-0.070987,-0.000390,25.000000
24.940773,0.059227,0.001482,0.071072,-0.069210,-0.000380,25.000000
24.942255,0.057745,0.001446,0.069294,-0.067478,-0.000371,25.000000
24.943701,0.056299,0.001409,0.067559,-0.065789,-0.000361,25.000000
24.945110,0.054890,0.001373,0.065868,-0.064142,-0.000352,25.000000
24.946484,0.053516,0.001340,0.064220,-0.062537,-0.000343,25.000000
24.947823,0.052177,0.001307,0.062613,-0.060971,-0.000335,25.000000
24.949129,0.050871,0.001273,0.061045,-0.059445,-0.000327,25.000000
24.950403,0.049597,0.001240,0.059516,-0.057957,-0.000319,25.000000
24.951643,0.048357,0.001212,0.058028,-0.056506,-0.000310,25.000000
24.952854,0.047146,0.001180,0.056575,-0.055092,-0.000303,25.000000
24.954035,0.045965,0.001150,0.055158,-0.053713,-0.000295,25.000000
24.955185,0.044815,0.001122,0.053778,-0.052369,-0.000288,25.000000
24.956306,25.043694,37.053467,30.052433,0.751311,6.249720,50.000000
62.009773,-12.009773,-23.284077,-14.411729,0.391018,-9.263367,50.000000
38.725697,11.274303,20.079430,13.529164,0.729247,5.821019,50.000000
58.805126,-8.805126,-15.120916,-10.566152,0.465093,-5.019857,50.000000
43.684212,6.315788,12.013741,7.578946,0.654567,3.780229,50.000000
55.697952,-5.697952,-9.357350,-6.837543,0.483628,-3.003435,50.000000
46.340603,3.659397,7.324024,4.391277,0.593410,2.339337,50.000000
53.664627,-3.664627,-5.745088,-4.397552,0.483471,-1.831006,50.000000
47.919540,2.080460,4.478708,2.496552,0.545885,1.436272,50.000000
52.398247,-2.398247,-3.523635,-2.877896,0.473938,-1.119677,50.000000
48.874611,1.125389,2.739075,1.350467,0.507699,0.880909,50.000000
51.613686,-1.613686,-2.161903,-1.936423,0.459289,-0.684769,50.000000
49.451782,0.548218,1.674072,0.657861,0.475735,0.540476,50.000000
51.125854,-1.125854,-1.327584,-1.351025,0.441960,-0.418518,50.000000
49.798271,0.201729,1.021982,0.242075,0.448011,0.331896,50.000000
50.820251,-0.820251,-0.816393,-0.984302,0.423404,-0.255495,50.000000
50.003857,-0.003857,0.622759,-0.004628,0.423288,0.204099,50.000000
50.626614,-0.626614,-0.503136,-0.751936,0.404490,-0.155689,50.000000
50.123478,-0.123478,0.378396,-0.148174,0.400785,0.125784,50.000000
50.501873,-0.501873,-0.311117,-0.602248,0.385729,-0.094599,50.000000
50.190754,-0.190754,0.228882,-0.228905,0.380007,0.077780,50.000000
50.419636,-0.419636,-0.193366,-0.503563,0.367417,-0.057220,50.000000
50.226269,-0.226269,0.137449,-0.271523,0.360629,0.048342,50.000000
50.363716,-0.363716,-0.121103,-0.436459,0.349718,-0.034362,50.000000
50.242615,-0.242615,0.081577,-0.291138,0.342439,0.030275,50.000000
50.324192,-0.324192,-0.076711,-0.389030,0.332714,-0.020394,50.000000
50.247482,-0.247482,0.047488,-0.296979,0.325289,0.019177,50.000000
50.294971,-0.294971,-0.049398,-0.353966,0.316440,-0.011872,50.000000
50.245575,-0.245575,0.026732,-0.294690,0.309073,0.012349,50.000000
50.272308,-0.272308,-0.032550,-0.326770,0.300904,-0.006683,50.000000
50.239758,-0.239758,0.014140,-0.287709,0.293711,0.008138,50.000000
50.253899,-0.253899,-0.022120,-0.304678,0.286094,-0.003535,50.000000
50.231777,-0.231777,0.006538,-0.278133,0.279141,0.005530,50.000000
50.238316,-0.238316,-0.015622,-0.285979,0.271991,-0.001635,50.000000
50.222694,-0.222694,0.001982,-0.267233,0.265310,0.003905,50.000000
50.224678,-0.224678,-0.011540,-0.269614,0.258570,-0.000496,50.000000
50.213139,-0.213139,-0.000706,-0.255766,0.252176,0.002885,50.000000
50.212433,-0.212433,-0.008940,-0.254919,0.245803,0.000176,50.000000
50.203491,-0.203491,-0.002256,-0.244189,0.239698,0.002235,50.000000
50.201237,-0.201237,-0.007259,-0.241484,0.233661,0.000564,50.000000
50.193977,-0.193977,-0.003116,-0.232773,0.227842,0.001815,50.000000
50.190861,-0.190861,-0.006138,-0.229033,0.222116,0.000779,50.000000
50.184723,-0.184723,-0.003559,-0.221667,0.216574,0.001534,50.000000
50.181164,-0.181164,-0.005368,-0.217397,0.211139,0.000890,50.000000
50.175797,-0.175797,-0.003749,-0.210956,0.205865,0.001342,50.000000
50.172047,-0.172047,-0.004815,-0.206456,0.200704,0.000937,50.000000
50.167233,-0.167233,-0.003789,-0.200679,0.195687,0.001204,50.000000
50.163445,-0.163445,-0.004403,-0.196133,0.190784,0.000947,50.000000
50.159042,-0.159042,-0.003738,-0.190851,0.186012,0.001101,50.000000
50.155304,-0.155304,-0.004077,-0.186365,0.181353,0.000935,50.000000
50.151226,-35.151226,-51.984993,-42.181473,-1.054537,-8.748981,15.000000
-1.833767,16.833767,32.647247,20.200521,-0.549524,12.996248,15.000000
30.813480,-15.813480,-28.161917,-18.976177,-1.023928,-8.161812,15.000000
2.651564,12.348436,21.205128,14.818124,-0.653475,7.040479,15.000000
23.856691,-8.856691,-16.848488,-10.628030,-0.919176,-5.301282,15.000000
7.008204,7.991796,13.122856,9.590157,-0.679422,4.212122,15.000000
20.131060,-5.131060,-10.271340,-6.157272,-0.833354,-3.280714,15.000000
9.859719,5.140281,8.057028,6.168337,-0.679145,2.567835,15.000000
17.916748,-2.916748,-6.281003,-3.500098,-0.766648,-2.014257,15.000000
11.635746,3.364254,4.941636,4.037105,-0.665720,1.570251,15.000000
16.577381,-1.577381,-3.841308,-1.892857,-0.713042,-1.235409,15.000000
12.736073,2.263927,3.031915,2.716712,-0.645124,0.960327,15.000000
15.767988,-0.767988,-2.347728,-0.921586,-0.668163,-0.757979,15.000000
13.420260,1.579740,1.861848,1.895688,-0.620771,0.586932,15.000000
15.282108,-0.282108,-1.433226,-0.338530,-0.629234,-0.465462,15.000000
13.848882,1.151118,1.144948,1.381342,-0.594701,0.358307,15.000000
14.993830,0.006170,-0.873348,0.007404,-0.594516,-0.286237,15.000000
14.120481,0.879519,0.705629,1.055422,-0.568130,0.218337,15.000000
14.826111,0.173889,-0.530654,0.208667,-0.562914,-0.176407,15.000000
14.295457,0.704543,0.436338,0.845452,-0.541777,0.132663,15.000000
14.731795,0.268205,-0.320970,0.321846,-0.533731,-0.109085,15.000000
14.410826,0.589174,0.271196,0.707009,-0.516056,0.080242,15.000000
14.682021,0.317979,-0.192741,0.381575,-0.506517,-0.067799,15.000000
14.489281,0.510719,0.169853,0.612863,-0.491195,0.048185,15.000000
14.659134,0.340866,-0.114393,0.409039,-0.480969,-0.042463,15.000000
14.544741,0.455259,0.107598,0.546311,-0.467311,0.028598,15.000000
14.652339,0.347661,-0.066588,0.417193,-0.456881,-0.026900,15.000000
14.585752,0.414248,0.069291,0.497098,-0.444454,0.016647,15.000000
14.655043,0.344957,-0.037479,0.413949,-0.434105,-0.017323,15.000000
14.617563,0.382437,0.045662,0.458924,-0.422632,0.009370,15.000000
14.663225,0.336775,-0.019814,0.404130,-0.412529,-0.011415,15.000000
14.643411,0.356589,0.031030,0.427907,-0.401831,0.004954,15.000000
14.674440,0.325560,-0.009150,0.390672,-0.392064,-0.007757,15.000000
14.665290,0.334710,0.021917,0.401652,-0.382023,0.002288,15.000000
14.687206,0.312794,-0.002766,0.375353,-0.372639,-0.005479,15.000000
14.684441,0.315559,0.016190,0.378671,-0.363172,0.000691,15.000000
14.700631,0.299369,0.001004,0.359243,-0.354191,-0.004048,15.000000
14.701634,0.298366,0.012548,0.358039,-0.345240,-0.000251,15.000000
14.714182,0.285818,0.003179,0.342982,-0.336666,-0.003137,15.000000
14.717360,0.282640,0.010186,0.339167,-0.328187,-0.000795,15.000000
14.727547,0.272453,0.004384,0.326944,-0.320013,-0.002547,15.000000
14.731931,0.268069,0.008616,0.321683,-0.311971,-0.001096,15.000000
14.740547,0.259453,0.005002,0.311343,-0.304187,-0.002154,15.000000
14.745549,0.254451,0.007537,0.305341,-0.296554,-0.001251,15.000000
14.753086,0.246914,0.005266,0.296297,-0.289146,-0.001884,15.000000
14.758352,0.241648,0.006764,0.289977,-0.281897,-0.001317,15.000000
14.765116,0.234884,0.005320,0.281861,-0.274851,-0.001691,15.000000
14.770435,0.229565,0.006184,0.275478,-0.267964,-0.001330,15.000000
14.776620,0.223380,0.005248,0.268056,-0.261262,-0.001546,15.000000
14.781868,0.218132,0.005728,0.261758,-0.254718,-0.001312,15.000000
14.787596,10.212404,15.059826,12.254886,0.306372,2.498568,25.000000
29.847422,-4.847422,-9.420913,-5.816906,0.160949,-3.764956,25.000000
20.426510,4.573490,8.141570,5.488188,0.298154,2.355228,25.000000
28.568081,-3.568081,-6.125978,-4.281697,0.191112,-2.035393,25.000000
22.442102,2.557898,4.868821,3.069477,0.267849,1.531495,25.000000
27.310923,-2.310923,-3.791791,-2.773107,0.198521,-1.217205,25.000000
23.519131,1.480869,2.967938,1.777043,0.242947,0.947948,25.000000
26.487068,-1.487068,-2.328131,-1.784482,0.198335,-0.741984,25.000000
24.158937,0.841063,1.814875,1.009275,0.223567,0.582033,25.000000
25.973812,-0.973812,-1.427941,-1.168575,0.194353,-0.453719,25.000000
24.545872,0.454128,1.109915,0.544954,0.207976,0.356985,25.000000
25.655787,-0.655787,-0.876120,-0.786944,0.188303,-0.277479,25.000000
24.779667,0.220333,0.678342,0.264400,0.194913,0.219030,25.000000
25.458010,-0.458010,-0.538025,-0.549612,0.181172,-0.169586,25.000000
24.919985,0.080015,0.414097,0.096018,0.183573,0.134506,25.000000
25.334082,-0.334082,-0.330872,-0.400898,0.173550,-0.103524,25.000000
25.003210,-0.003210,0.252320,-0.003852,0.173454,0.082718,25.000000
25.255529,-0.255529,-0.203927,-0.306635,0.165788,-0.063080,25.000000
25.051603,-0.051603,0.153298,-0.061924,0.164240,0.050982,25.000000
25.204901,-0.204901,-0.126112,-0.245881,0.158093,-0.038324,25.000000
25.078789,-0.078789,0.092711,-0.094547,0.155730,0.031528,25.000000
25.171499,-0.171499,-0.078392,-0.205799,0.150585,-0.023178,25.000000
25.093107,-0.093107,0.055661,-0.111729,0.147791,0.019598,25.000000
25.148767,-0.148767,-0.049108,-0.178521,0.143328,-0.013915,25.000000
25.099659,-0.099659,0.033025,-0.119591,0.140339,0.012277,25.000000
25.132685,-0.132685,-0.031120,-0.159222,0.136358,-0.008256,25.000000
25.101564,-0.101564,0.019214,-0.121877,0.133311,0.007780,25.000000
25.120779,-0.120779,-0.020051,-0.144935,0.129688,-0.004804,25.000000
25.100729,-0.100729,0.010804,-0.120875,0.126666,0.005013,25.000000
25.111532,-0.111532,-0.013220,-0.133839,0.123320,-0.002701,25.000000
25.098312,-0.098312,0.005701,-0.117975,0.120370,0.003305,25.000000
25.104013,-0.104013,-0.008991,-0.124816,0.117250,-0.001425,25.000000
25.095022,-0.095022,0.002621,-0.114027,0.114399,0.002248,25.000000
25.097643,-0.097643,-0.006357,-0.117171,0.111470,-0.000655,25.000000
25.091286,-0.091286,0.000778,-0.109543,0.108732,0.001589,25.000000
25.092064,-0.092064,-0.004702,-0.110477,0.105970,-0.000195,25.000000
25.087362,-0.087362,-0.000311,-0.104835,0.103349,0.001175,25.000000
25.087051,-0.087051,-0.003647,-0.104462,0.100737,0.000078,25.000000
25.083405,-0.083405,-0.000939,-0.100085,0.098235,0.000912,25.000000
25.082466,-0.082466,-0.002964,-0.098959,0.095761,0.000235,25.000000
25.079502,-0.079502,-0.001286,-0.095403,0.093376,0.000741,25.000000
25.078217,-0.078217,-0.002509,-0.093860,0.091030,0.000321,25.000000
25.075708,-0.075708,-0.001465,-0.090850,0.088758,0.000627,25.000000
25.074244,-0.074244,-0.002195,-0.089092,0.086531,0.000366,25.000000
25.072048,-0.072048,-0.001539,-0.086458,0.084370,0.000549,25.000000
25.070509,-0.070509,-0.001972,-0.084611,0.082254,0.000385,25.000000
25.068537,-0.068537,-0.001553,-0.082244,0.080198,0.000493,25.000000
25.066984,-0.066984,-0.001804,-0.080381,0.078189,0.000388,25.000000
25.065180,-0.065180,-0.001531,-0.078216,0.076233,0.000451,25.000000
25.063648,-0.063648,-0.077904,-0.076378,-0.001909,0.000383,25.000000
24.985744,0.014256,0.035101,0.017107,-0.001482,0.019476,25.000000
25.020845,-0.020845,-0.035897,-0.025014,-0.002107,-0.008775,25.000000
24.984949,0.015051,0.025380,0.018061,-0.001656,0.008974,25.000000
25.010328,-0.010328,-0.020704,-0.012394,-0.001965,-0.006345,25.000000
24.989624,0.010376,0.015973,0.012451,-0.001654,0.005176,25.000000
25.005596,-0.005596,-0.012530,-0.006715,-0.001822,-0.003993,25.000000
24.993065,0.006935,0.009841,0.008322,-0.001614,0.003133,25.000000
25.002905,-0.002905,-0.007647,-0.003486,-0.001701,-0.002460,25.000000
24.995258,0.004742,0.006043,0.005690,-0.001559,0.001912,25.000000
25.001301,-0.001301,-0.004670,-0.001561,-0.001598,-0.001511,25.000000
24.996632,0.003368,0.003712,0.004042,-0.001497,0.001167,25.000000
25.000343,-0.000343,-0.002847,-0.000412,-0.001507,-0.000928,25.000000
24.997496,0.002504,0.002285,0.003005,-0.001432,0.000712,25.000000
24.999781,0.000219,-0.001734,0.000263,-0.001425,-0.000571,25.000000
24.998047,0.001953,0.001410,0.002344,-0.001367,0.000433,25.000000
24.999456,0.000544,-0.001051,0.000652,-0.001351,-0.000352,25.000000
24.998405,0.001595,0.000873,0.001913,-0.001303,0.000263,25.000000
24.999279,0.000721,-0.000634,0.000865,-0.001281,-0.000218,25.000000
24.998644,0.001356,0.000546,0.001627,-0.001240,0.000159,25.000000
24.999189,0.000811,-0.000380,0.000973,-0.001216,-0.000136,25.000000
24.998810,0.001190,0.000343,0.001428,-0.001180,0.000095,25.000000
24.999153,0.000847,-0.000225,0.001016,-0.001155,-0.000086,25.000000
24.998928,0.001072,0.000220,0.001286,-0.001123,0.000056,25.000000
24.999147,0.000853,-0.000129,0.001023,-0.001097,-0.000055,25.000000
24.999018,0.000982,0.000143,0.001179,-0.001068,0.000032,25.000000
24.999161,0.000839,-0.000071,0.001007,-0.001043,-0.000036,25.000000
24.999090,0.000910,0.000094,0.001092,-0.001015,0.000018,25.000000
24.999184,0.000816,-0.000035,0.000980,-0.000991,-0.000023,25.000000
24.999149,0.000851,0.000064,0.001021,-0.000965,0.000009,25.000000
24.999214,0.000786,-0.000015,0.000943,-0.000942,-0.000016,25.000000
24.999199,0.000801,0.000047,0.000961,-0.000918,0.000004,25.000000
24.999247,0.000753,-0.000003,0.000904,-0.000895,-0.000012,25.000000
24.999243,0.000757,0.000037,0.000909,-0.000872,0.000001,25.000000
24.999281,0.000719,0.000003,0.000863,-0.000851,-0.000010,25.000000
24.999283,0.000717,0.000031,0.000861,-0.000829,-0.000000,25.000000
24.999313,0.000687,0.000008,0.000824,-0.000809,-0.000008,25.000000
24.999321,0.000679,0.000025,0.000815,-0.000788,-0.000002,25.000000
24.999346,0.000654,0.000010,0.000785,-0.000769,-0.000006,25.000000
24.999355,0.000645,0.000022,0.000774,-0.000749,-0.000002,25.000000
24.999376,0.000624,0.000013,0.000748,-0.000731,-0.000005,25.000000
24.999390,0.000610,0.000017,0.000732,-0.000712,-0.000003,25.000000
24.999407,0.000593,0.000013,0.000712,-0.000695,-0.000004,25.000000
24.999420,0.000580,0.000015,0.000696,-0.000677,-0.000003,25.000000
24.999435,0.000565,0.000013,0.000677,-0.000660,-0.000004,25.000000
24.999449,0.000551,0.000014,0.000661,-0.000644,-0.000003,25.000000
24.999464,0.000536,0.000012,0.000643,-0.000628,-0.000004,25.000000
24.999475,0.000525,0.000015,0.000629,-0.000612,-0.000003,25.000000
24.999491,0.000509,0.000011,0.000611,-0.000597,-0.000004,25.000000
24.999502,0.000498,0.000013,0.000597,-0.000582,-0.000003,25.000000
24.999516,0.000484,0.000011,0.000581,-0.000567,-0.000003,25.000000
24.999527,0.000473,0.000012,0.000568,-0.000553,-0.000003,25.000000
24.999538,0.000462,0.000012,0.000554,-0.000539,-0.000003,25.000000
24.999550,0.000450,0.000012,0.000540,-0.000526,-0.000003,25.000000
24.999561,0.000439,0.000011,0.000526,-0.000512,-0.000003,25.000000
24.999573,0.000427,0.000010,0.000513,-0.000500,-0.000003,25.000000
24.999582,0.000418,0.000012,0.000501,-0.000487,-0.000002,25.000000
24.999594,0.000406,0.000010,0.000488,-0.000475,-0.000003,25.000000
24.999603,0.000397,0.000011,0.000476,-0.000463,-0.000002,25.000000
24.999615,0.000385,0.000008,0.000462,-0.000451,-0.000003,25.000000
24.999622,0.000378,0.000011,0.000453,-0.000440,-0.000002,25.000000
24.999634,0.000366,0.000007,0.000439,-0.000429,-0.000003,25.000000
24.999641,0.000359,0.000010,0.000430,-0.000418,-0.000002,25.000000
24.999651,0.000349,0.000009,0.000419,-0.000408,-0.000002,25.000000
24.999660,0.000340,0.000007,0.000407,-0.000398,-0.000002,25.000000
24.999668,0.000332,0.000009,0.000398,-0.000388,-0.000002,25.000000
24.999678,0.000322,0.000006,0.000387,-0.000378,-0.000002,25.000000
24.999683,0.000317,0.000010,0.000380,-0.000369,-0.000001,25.000000
24.999693,0.000307,0.000007,0.000368,-0.000359,-0.000002,25.000000
24.999701,0.000299,0.000007,0.000359,-0.000350,-0.000002,25.000000
24.999708,0.000292,0.000007,0.000350,-0.000342,-0.000002,25.000000
24.999714,0.000286,0.000009,0.000343,-0.000333,-0.000001,25.000000
24.999723,0.000277,0.000005,0.000332,-0.000325,-0.000002,25.000000
24.999729,0.000271,0.000007,0.000325,-0.000317,-0.000001,25.000000
24.999737,0.000263,0.000005,0.000316,-0.000309,-0.000002,25.000000
24.999743,0.000257,0.000007,0.000309,-0.000301,-0.000001,25.000000
24.999748,0.000252,0.000007,0.000302,-0.000293,-0.000001,25.000000
24.999756,0.000244,0.000005,0.000293,-0.000286,-0.000002,25.000000
24.999762,0.000238,0.000006,0.000286,-0.000279,-0.000001,25.000000
24.999767,0.000233,0.000006,0.000279,-0.000272,-0.000001,25.000000
24.999773,0.000227,0.000006,0.000272,-0.000265,-0.000001,25.000000
24.999779,0.000221,0.000006,0.000266,-0.000259,-0.000001,25.000000
24.999784,0.000216,0.000005,0.000259,-0.000252,-0.000001,25.000000
24.999790,0.000210,0.000005,0.000252,-0.000246,-0.000001,25.000000
24.999794,0.000206,0.000007,0.000247,-0.000240,-0.000001,25.000000
24.999800,0.000200,0.000005,0.000240,-0.000234,-0.000001,25.000000
24.999805,0.000195,0.000004,0.000233,-0.000228,-0.000001,25.000000
24.999809,0.000191,0.000006,0.000229,-0.000222,-0.000001,25.000000
24.999815,0.000185,0.000004,0.000222,-0.000216,-0.000001,25.000000
24.999819,0.000181,0.000005,0.000217,-0.000211,-0.000001,25.000000
24.999825,0.000175,0.000003,0.000211,-0.000206,-0.000001,25.000000
24.999828,0.000172,0.000004,0.000206,-0.000201,-0.000001,25.000000
24.999832,0.000168,0.000005,0.000201,-0.000196,-0.000001,25.000000
24.999838,0.000162,0.000002,0.000195,-0.000191,-0.000001,25.000000
24.999840,0.000160,0.000006,0.000192,-0.000186,-0.000000,25.000000
24.999846,0.000154,0.000003,0.000185,-0.000181,-0.000001,25.000000
24.999847,0.000153,0.000006,0.000183,-0.000177,-0.000000,25.000000
24.999853,0.000147,0.000003,0.000176,-0.000172,-0.000001,25.000000
24.999855,0.000145,0.000006,0.000174,-0.000168,-0.000000,25.000000
24.999861,0.000139,0.000002,0.000167,-0.000164,-0.000001,25.000000
24.999863,25.000137,37.000168,30.000166,0.750004,6.250000,50.000000
62.000031,-12.000031,-23.260075,-14.400037,0.390003,-9.250042,50.000000
38.739956,11.260044,20.054876,13.512053,0.727804,5.815019,50.000000
58.794830,-8.794830,-15.103556,-10.553797,0.463960,-5.013719,50.000000
43.691277,6.308723,11.999578,7.570468,0.653221,3.775888,50.000000
55.690857,-5.690857,-9.346429,-6.829029,0.482496,-2.999895,50.000000
46.344429,3.655571,7.315455,4.386685,0.592163,2.336607,50.000000
53.659885,-3.659885,-5.738361,-4.391863,0.482366,-1.828864,50.000000
47.921524,2.078476,4.473482,2.494171,0.544720,1.434590,50.000000
52.395004,-2.395004,-3.519505,-2.874005,0.472870,-1.118370,50.000000
48.875500,1.124500,2.735882,1.349400,0.506605,0.879876,50.000000
51.611382,-1.611382,-2.159364,-1.933658,0.458264,-0.683970,50.000000
49.452019,0.547981,1.672122,0.657578,0.474703,0.539841,50.000000
51.124142,-1.124142,-1.326022,-1.348970,0.440979,-0.418031,50.000000
49.798119,0.201881,1.020799,0.242258,0.447035,0.331506,50.000000
50.818916,-0.818916,-0.815431,-0.982700,0.422468,-0.255199,50.000000
50.003487,-0.003487,0.622037,-0.004184,0.422363,0.203857,50.000000
50.625523,-0.625523,-0.502538,-0.750627,0.403598,-0.155509,50.000000
50.122986,-0.122986,0.377959,-0.147583,0.399908,0.125634,50.000000
50.500946,-0.500946,-0.310746,-0.601135,0.384880,-0.094490,50.000000
50.190201,-0.190201,0.228619,-0.228241,0.379174,0.077686,50.000000
50.418819,-0.418819,-0.193129,-0.502583,0.366609,-0.057155,50.000000
50.225689,-0.225689,0.137294,-0.270827,0.359838,0.048283,50.000000
50.362984,-0.362984,-0.120955,-0.435580,0.348949,-0.034324,50.000000
50.242027,-0.242027,0.081494,-0.290433,0.341688,0.030239,50.000000
50.323521,-0.323521,-0.076616,-0.388225,0.331983,-0.020373,50.000000
50.246906,-0.246906,0.047441,-0.296288,0.324575,0.019154,50.000000
50.294346,-0.294346,-0.049330,-0.353215,0.315745,-0.011860,50.000000
50.245014,-0.245014,0.026710,-0.294017,0.308395,0.012333,50.000000
50.271725,-0.271725,-0.032504,-0.326070,0.300243,-0.006678,50.000000
50.239220,-0.239220,0.014129,-0.287064,0.293066,0.008126,50.000000
50.253349,-0.253349,-0.022086,-0.304019,0.285466,-0.003532,50.000000
50.231262,-0.231262,0.006535,-0.277515,0.278528,0.005522,50.000000
50.237797,-0.237797,-0.015596,-0.285356,0.271394,-0.001634,50.000000
50.222202,-0.222202,0.001984,-0.266643,0.264728,0.003899,50.000000
50.224186,-0.224186,-0.011517,-0.269023,0.258002,-0.000496,50.000000
50.212669,-0.212669,-0.000702,-0.255203,0.251622,0.002879,50.000000
50.211967,-0.211967,-0.008922,-0.254361,0.245263,0.000175,50.000000
50.203045,-0.203045,-0.002251,-0.243654,0.239172,0.002231,50.000000
50.200794,-0.200794,-0.007242,-0.240953,0.233148,0.000563,50.000000
50.193550,-0.193550,-0.003108,-0.232260,0.227342,0.001811,50.000000
50.190441,-0.190441,-0.006124,-0.228529,0.221628,0.000777,50.000000
50.184319,-0.184319,-0.003553,-0.221182,0.216099,0.001531,50.000000
50.180767,-0.180767,-0.005357,-0.216920,0.210676,0.000888,50.000000
50.175411,-0.175411,-0.003741,-0.210493,0.205413,0.001339,50.000000
50.171669,-0.171669,-0.004804,-0.206003,0.200263,0.000936,50.000000
50.166866,-0.166866,-0.003782,-0.200240,0.195257,0.001201,50.000000
50.163086,-0.163086,-0.004393,-0.195703,0.190365,0.000945,50.000000
50.158691,-0.158691,-0.003727,-0.190430,0.185604,0.001099,50.000000
50.154964,-0.154964,-0.004071,-0.185957,0.180955,0.000932,50.000000
50.150894,-25.150894,-37.184586,-30.181074,-0.754527,-6.248982,25.000000
12.966309,12.033691,23.343060,14.440431,-0.393516,9.296146,25.000000
36.309368,-11.309368,-20.139805,-13.571242,-0.732797,-5.835765,25.000000
16.169563,8.830437,15.163591,10.596524,-0.467884,5.034951,25.000000
31.333155,-6.333155,-12.048563,-7.599786,-0.657879,-3.790898,25.000000
19.284592,5.715408,9.384214,6.858490,-0.486416,3.012141,25.000000
28.668806,-3.668806,-7.345101,-4.402567,-0.596481,-2.346054,25.000000
21.323704,3.676296,5.761640,4.411556,-0.486192,1.836276,25.000000
27.085342,-2.085342,-4.491572,-2.502411,-0.548752,-1.440410,25.000000
22.593769,2.406231,3.533805,2.887477,-0.476565,1.122893,25.000000
26.127575,-1.127575,-2.746933,-1.353090,-0.510392,-0.883451,25.000000
23.380642,1.619358,2.168151,1.943230,-0.461812,0.686733,25.000000
25.548794,-0.548794,-1.678866,-0.658553,-0.478275,-0.542038,25.000000
23.869928,1.130072,1.331429,1.356086,-0.444373,0.419716,25.000000
25.201357,-0.201357,-1.024899,-0.241628,-0.450414,-0.332857,25.000000
24.176458,0.823542,0.818767,0.988250,-0.425708,0.256225,25.000000
24.995226,0.004774,-0.624527,0.005729,-0.425564,-0.204692,25.000000
24.370699,0.629301,0.504608,0.755161,-0.406685,0.156132,25.000000
24.875307,0.124693,-0.379465,0.149632,-0.402945,-0.126152,25.000000
24.495842,0.504158,0.312036,0.604990,-0.387820,0.094866,25.000000
24.807878,0.192122,-0.229520,0.230546,-0.382056,-0.078009,25.000000
24.578360,0.421640,0.193941,0.505969,-0.369407,0.057380,25.000000
24.772301,0.227699,-0.137822,0.273239,-0.362576,-0.048485,25.000000
24.634478,0.365522,0.121472,0.438627,-0.351610,0.034456,25.000000
24.755949,0.244051,-0.081796,0.292861,-0.344289,-0.030368,25.000000
24.674154,0.325846,0.076950,0.391015,-0.334514,0.020449,25.000000
24.751104,0.248896,-0.047609,0.298675,-0.327047,-0.019238,25.000000
24.703495,0.296505,0.049557,0.355806,-0.318152,0.011902,25.000000
24.753052,0.246948,-0.026794,0.296338,-0.310743,-0.012389,25.000000
24.726257,0.273743,0.032659,0.328491,-0.302531,0.006699,25.000000
24.758917,0.241083,-0.014163,0.289300,-0.295298,-0.008165,25.000000
24.744753,0.255247,0.022197,0.306297,-0.287641,0.003541,25.000000
24.766949,0.233051,-0.006537,0.279662,-0.280649,-0.005549,25.000000
24.760412,0.239588,0.015678,0.287505,-0.273462,0.001634,25.000000
24.776091,0.223909,-0.001973,0.268691,-0.266744,-0.003920,25.000000
24.774118,0.225882,0.011583,0.271058,-0.259968,0.000493,25.000000
24.785702,0.214298,0.000723,0.257158,-0.253539,-0.002896,25.000000
24.786425,0.213575,0.008978,0.256290,-0.247132,-0.000181,25.000000
24.795403,0.204597,0.002279,0.245517,-0.240994,-0.002244,25.000000
24.797682,0.202318,0.007288,0.242782,-0.234924,-0.000570,25.000000
24.804970,0.195030,0.003141,0.234036,-0.229073,-0.001822,25.000000
24.808111,0.191889,0.006165,0.230267,-0.223317,-0.000785,25.000000
24.814276,0.185724,0.003583,0.222869,-0.217745,-0.001541,25.000000
24.817860,0.182140,0.005392,0.218568,-0.212281,-0.000896,25.000000
24.823252,0.176748,0.003772,0.212098,-0.206978,-0.001348,25.000000
24.827023,0.172977,0.004841,0.207573,-0.201789,-0.000943,25.000000
24.831863,0.168137,0.003809,0.201764,-0.196745,-0.001210,25.000000
24.835672,0.164328,0.004426,0.197193,-0.191815,-0.000952,25.000000
24.840097,0.159903,0.003759,0.191883,-0.187018,-0.001106,25.000000
24.843857,0.156143,0.004098,0.187372,-0.182334,-0.000940,25.000000
24.847956,25.152044,37.185993,30.182455,0.754561,6.248975,50.000000
62.033951,-12.033951,-23.343697,-14.440742,0.393543,-9.296499,50.000000
38.690254,11.309746,20.140455,13.571695,0.732835,5.835924,50.000000
58.830711,-8.830711,-15.164055,-10.596854,0.467914,-5.035114,50.000000
43.666656,6.333344,12.048940,7.600012,0.657914,3.791014,50.000000
55.715595,-5.715595,-9.384502,-6.858715,0.486446,-3.012235,50.000000
46.331093,3.668907,7.345328,4.402689,0.596514,2.346126,50.000000
53.676422,-3.676422,-5.761818,-4.411707,0.486221,-1.836332,50.000000
47.914604,2.085396,4.491712,2.502475,0.548783,1.440454,50.000000
52.406315,-2.406315,-3.533912,-2.887578,0.476593,-1.122928,50.000000
48.872402,1.127598,2.747017,1.353117,0.510421,0.883478,50.000000
51.619419,-1.619419,-2.168219,-1.943303,0.461839,-0.686754,50.000000
49.451202,0.548798,1.678914,0.658557,0.478303,0.542054,50.000000
51.130116,-1.130116,-1.331468,-1.356139,0.444399,-0.419728,50.000000
49.798649,0.201351,1.024928,0.241621,0.450440,0.332867,50.000000
50.823578,-0.823578,-0.818793,-0.988293,0.425732,-0.256232,50.000000
50.004784,-0.004784,0.624547,-0.005740,0.425589,0.204699,50.000000
50.629330,-0.629330,-0.504623,-0.755196,0.406709,-0.156137,50.000000
50.124706,-0.124706,0.379476,-0.149648,0.402968,0.126156,50.000000
50.504181,-0.504181,-0.312043,-0.605017,0.387842,-0.094869,50.000000
50.192139,-0.192139,0.229522,-0.230566,0.382078,0.078011,50.000000
50.421661,-0.421661,-0.193946,-0.505994,0.369428,-0.057381,50.000000
50.227715,-0.227715,0.137826,-0.273257,0.362597,0.048487,50.000000
50.365540,-0.365540,-0.121473,-0.438647,0.351631,-0.034456,50.000000
50.244068,-0.244068,0.081795,-0.292882,0.344309,0.030368,50.000000
50.325863,-0.325863,-0.076951,-0.391035,0.334533,-0.020449,50.000000
50.248913,-0.248913,0.047608,-0.298695,0.327065,0.019238,50.000000
50.296520,-0.296520,-0.049556,-0.355824,0.318170,-0.011902,50.000000
50.246964,-0.246964,0.026794,-0.296356,0.310761,0.012389,50.000000
50.273758,-0.273758,-0.032660,-0.328510,0.302548,-0.006699,50.000000
50.241096,-0.241096,0.014165,-0.289316,0.295315,0.008165,50.000000
50.255260,-0.255260,-0.022196,-0.306313,0.287657,-0.003541,50.000000
50.233063,-0.233063,0.006540,-0.279675,0.280666,0.005549,50.000000
50.239601,-0.239601,-0.015678,-0.287521,0.273478,-0.001635,50.000000
50.223923,-0.223923,0.001972,-0.268707,0.266760,0.003920,50.000000
50.225895,-0.225895,-0.011584,-0.271074,0.259983,-0.000493,50.000000
50.214310,-0.214310,-0.000722,-0.257172,0.253554,0.002896,50.000000
50.213589,-0.213589,-0.008980,-0.256306,0.247146,0.000180,50.000000
50.204609,-0.204609,-0.002278,-0.245531,0.241008,0.002245,50.000000
50.202332,-0.202332,-0.007291,-0.242798,0.234938,0.000569,50.000000
50.195042,-0.195042,-0.003141,-0.234050,0.229087,0.001822,50.000000
50.191902,-0.191902,-0.006168,-0.230283,0.223330,0.000785,50.000000
50.185734,-0.185734,-0.003581,-0.222881,0.217758,0.001542,50.000000
50.182152,-0.182152,-0.005394,-0.218582,0.212293,0.000896,50.000000
50.176758,-0.176758,-0.003771,-0.212109,0.206990,0.001348,50.000000
50.172989,-0.172989,-0.004844,-0.207587,0.201801,0.000942,50.000000
50.168144,-0.168144,-0.003806,-0.201773,0.196756,0.001211,50.000000
50.164337,-0.164337,-0.004427,-0.197205,0.191826,0.000952,50.000000
50.159912,-0.159912,-0.003760,-0.191895,0.187029,0.001106,50.000000
50.156151,-0.156151,-0.004096,-0.187381,0.182344,0.000940,50.000000
50.152054,-0.152054,-0.003658,-0.182465,0.177783,0.001024,50.000000
50.148396,-0.148396,-0.003829,-0.178075,0.173331,0.000915,50.000000
50.144566,-0.144566,-0.003527,-0.173479,0.168994,0.000957,50.000000
50.141037,-0.141037,-0.003600,-0.169244,0.164763,0.000882,50.000000
50.137436,-0.137436,-0.003383,-0.164923,0.160640,0.000900,50.000000
50.134052,-0.134052,-0.003399,-0.160863,0.156618,0.000846,50.000000
50.130653,-0.130653,-0.003236,-0.156784,0.152698,0.000850,50.000000
50.127419,-0.127419,-0.003218,-0.152902,0.148876,0.000809,50.000000
50.124203,-0.124203,-0.003090,-0.149043,0.145150,0.000804,50.000000
50.121113,-0.121113,-0.003046,-0.145335,0.141516,0.000772,50.000000
50.118065,-0.118065,-0.002941,-0.141678,0.137974,0.000762,50.000000
50.115124,-0.115124,-0.002892,-0.138149,0.134521,0.000735,50.000000
50.112232,-0.112232,-0.002802,-0.134679,0.131154,0.000723,50.000000
50.109428,-0.109428,-0.002742,-0.131314,0.127871,0.000701,50.000000
50.106686,-0.106686,-0.002667,-0.128023,0.124670,0.000686,50.000000
50.104019,-0.104019,-0.002607,-0.124823,0.121550,0.000667,50.000000
50.101414,-0.101414,-0.002538,-0.121696,0.118507,0.000651,50.000000
50.098877,-0.098877,-0.002477,-0.118652,0.115541,0.000634,50.000000
50.096401,-0.096401,-0.002413,-0.115681,0.112649,0.000619,50.000000
50.093987,-0.093987,-0.002351,-0.112784,0.109829,0.000604,50.000000
50.091637,-0.091637,-0.002296,-0.109964,0.107080,0.000587,50.000000
50.089340,-0.089340,-0.002234,-0.107208,0.104400,0.000574,50.000000
50.087105,-0.087105,-0.002180,-0.104526,0.101787,0.000559,50.000000
50.084927,-0.084927,-0.002128,-0.101912,0.099239,0.000545,50.000000
50.082798,-25.082798,-37.101311,-30.099360,-0.752484,-6.249468,25.000000
12.981487,12.018513,23.305616,14.422215,-0.391929,9.275328,25.000000
36.287102,-11.287102,-20.101467,-13.544522,-0.730542,-5.826404,25.000000
16.185635,8.814365,15.136496,10.577239,-0.466111,5.025367,25.000000
31.322130,-6.322130,-12.026454,-7.586556,-0.655775,-3.784124,25.000000
19.295677,5.704323,9.367156,6.845188,-0.484645,3.006613,25.000000
28.662834,-3.662834,-7.331720,-4.395401,-0.594530,-2.341789,25.000000
21.331114,3.668886,5.751131,4.402664,-0.484463,1.832930,25.000000
27.082245,-2.082245,-4.483407,-2.498694,-0.546931,-1.437783,25.000000
22.598837,2.401163,3.527352,2.881396,-0.474896,1.120852,25.000000
26.126188,-1.126188,-2.741945,-1.351426,-0.508681,-0.881838,25.000000
23.384243,1.615757,2.164186,1.938908,-0.460209,0.685486,25.000000
25.548429,-0.548429,-1.675824,-0.658115,-0.476662,-0.541047,25.000000
23.872606,1.127394,1.328989,1.352872,-0.442840,0.418956,25.000000
25.201595,-0.201595,-1.023049,-0.241914,-0.448888,-0.332247,25.000000
24.178547,0.821453,0.817262,0.985744,-0.424244,0.255762,25.000000
24.995810,0.004190,-0.623405,0.005029,-0.424118,-0.204316,25.000000
24.372404,0.627596,0.503676,0.753115,-0.405290,0.155851,25.000000
24.876080,0.123920,-0.378787,0.148705,-0.401573,-0.125919,25.000000
24.497292,0.502708,0.311456,0.603250,-0.386492,0.094697,25.000000
24.808746,0.191254,-0.229113,0.229504,-0.380754,-0.077864,25.000000
24.579634,0.420366,0.193575,0.504440,-0.368143,0.057278,25.000000
24.773209,0.226791,-0.137583,0.272150,-0.361339,-0.048394,25.000000
24.635626,0.364374,0.121237,0.437249,-0.350408,0.034396,25.000000
24.756863,0.243137,-0.081658,0.291765,-0.343114,-0.030309,25.000000
24.675205,25.324795,37.419914,30.389755,0.759744,6.270414,50.000000
62.095119,-12.095119,-23.472231,-14.514144,0.396890,-9.354979,50.000000
38.622887,11.377113,20.258799,13.652536,0.738204,5.868058,50.000000
58.881683,-8.881683,-15.250966,-10.658020,0.471753,-5.064699,50.000000
43.630718,6.369282,12.118711,7.643138,0.662832,3.812741,50.000000
55.749428,-5.749428,-9.438643,-6.899313,0.490349,-3.029677,50.000000
46.310783,3.689217,7.387746,4.427060,0.601025,2.359661,50.000000
53.698528,-3.698528,-5.795101,-4.438234,0.490069,-1.846936,50.000000
47.903427,2.096573,4.517630,2.515887,0.552967,1.448775,50.000000
52.421059,-2.421059,-3.554344,-2.905271,0.480335,-1.129408,50.000000
48.866714,1.133286,2.762862,1.359943,0.514333,0.888586,50.000000
51.629578,-1.629578,-2.180763,-1.955493,0.465446,-0.690716,50.000000
49.448814,0.551186,1.688595,0.661423,0.481982,0.545191,50.000000
51.137409,-1.137409,-1.339180,-1.364891,0.447859,-0.422149,50.000000
49.798229,0.201771,1.030832,0.242125,0.453912,0.334795,50.000000
50.829063,-0.829063,-0.823544,-0.994876,0.429041,-0.257709,50.000000
50.005520,-0.005520,0.628137,-0.006624,0.428875,0.205886,50.000000
50.633656,-0.633656,-0.507555,-0.760387,0.409865,-0.157034,50.000000
50.126099,-0.126099,0.381653,-0.151318,0.406082,0.126889,50.000000
50.507751,-0.507751,-0.313865,-0.609302,0.390850,-0.095413,50.000000
50.193886,-0.193886,0.230837,-0.232663,0.385033,0.078466,50.000000
50.424721,-0.424721,-0.195082,-0.509665,0.372292,-0.057709,50.000000
50.229637,-0.229637,0.138609,-0.275565,0.365403,0.048771,50.000000
50.368244,-0.368244,-0.122190,-0.441893,0.354355,-0.034652,50.000000
50.246056,-0.246056,0.082254,-0.295267,0.346974,0.030547,50.000000
50.328308,-0.328308,-0.077409,-0.393970,0.337124,-0.020563,50.000000
50.250900,-0.250900,0.047869,-0.301080,0.329597,0.019352,50.000000
50.298771,-0.298771,-0.049859,-0.358525,0.320634,-0.011968,50.000000
50.248913,-0.248913,0.026936,-0.298695,0.313167,0.012465,50.000000
50.275848,-0.275848,-0.032861,-0.331018,0.304891,-0.006734,50.000000
50.242989,-0.242989,0.014230,-0.291586,0.297602,0.008215,50.000000
50.257217,-0.257217,-0.022333,-0.308661,0.289885,-0.003557,50.000000
50.234886,-0.234886,0.006558,-0.281863,0.282839,0.005583,50.000000
50.241444,-0.241444,-0.015776,-0.289732,0.275595,-0.001639,50.000000
50.225666,-0.225666,0.001970,-0.270799,0.268825,0.003944,50.000000
50.227638,-0.227638,-0.011663,-0.273166,0.261996,-0.000493,50.000000
50.215977,-0.215977,-0.000740,-0.259172,0.255517,0.002915,50.000000
50.215237,-0.215237,-0.009039,-0.258284,0.249060,0.000185,50.000000
50.206196,-0.206196,-0.002301,-0.247435,0.242874,0.002260,50.000000
50.203896,-0.203896,-0.007343,-0.244675,0.236757,0.000575,50.000000
50.196552,-0.196552,-0.003166,-0.235863,0.230860,0.001836,50.000000
50.193386,-0.193386,-0.006213,-0.232063,0.225059,0.000792,50.000000
50.187172,-0.187172,-0.003609,-0.224606,0.219444,0.001554,50.000000
50.183563,-0.183563,-0.005437,-0.220276,0.213937,0.000902,50.000000
50.178127,-0.178127,-0.003801,-0.213753,0.208593,0.001359,50.000000
50.174328,-0.174328,-0.004880,-0.209193,0.203363,0.000950,50.000000
50.169449,-0.169449,-0.003839,-0.203339,0.198280,0.001220,50.000000
50.165611,-0.165611,-0.004463,-0.198734,0.193311,0.000959,50.000000
50.161148,-0.161148,-0.003785,-0.193378,0.188477,0.001116,50.000000
50.157364,-0.157364,-0.004135,-0.188837,0.183756,0.000946,50.000000
50.153229,-25.153229,-37.187439,-30.183876,-0.754597,-6.248966,25.000000
12.965790,12.034210,23.344341,14.441052,-0.393571,9.296860,25.000000
36.310131,-11.310131,-20.141117,-13.572158,-0.732875,-5.836085,25.000000
16.169014,8.830986,15.164517,10.597183,-0.467945,5.035279,25.000000
31.333530,-6.333530,-12.049316,-7.600237,-0.657951,-3.791129,25.000000
19.284214,5.715786,9.384796,6.858943,-0.486477,3.012329,25.000000
28.669010,-3.669010,-7.345559,-4.402812,-0.596548,-2.346199,25.000000
21.323452,3.676548,5.761996,4.411858,-0.486251,1.836390,25.000000
27.085447,-2.085447,-4.491850,-2.502537,-0.548815,-1.440499,25.000000
22.593597,2.406403,3.534023,2.887683,-0.476622,1.122962,25.000000
26.127621,-1.127621,-2.747102,-1.353145,-0.510451,-0.883506,25.000000
23.380520,1.619480,2.168285,1.943376,-0.461867,0.686775,25.000000
25.548805,-0.548805,-1.678968,-0.658566,-0.478331,-0.542071,25.000000
23.869837,1.130163,1.331512,1.356196,-0.444426,0.419742,25.000000
25.201349,-0.201349,-1.024964,-0.241619,-0.450466,-0.332878,25.000000
24.176386,0.823614,0.818820,0.988337,-0.425758,0.256241,25.000000
24.995205,0.004795,-0.624565,0.005754,-0.425614,-0.204705,25.000000
24.370640,0.629360,0.504640,0.755232,-0.406733,0.156141,25.000000
24.875280,0.124720,-0.379488,0.149664,-0.402992,-0.126160,25.000000
24.495792,0.504208,0.312056,0.605049,-0.387865,0.094872,25.000000
24.807848,0.192152,-0.229532,0.230582,-0.382101,-0.078014,25.000000
24.578316,0.421684,0.193954,0.506021,-0.369450,0.057383,25.000000
24.772270,0.227730,-0.137831,0.273276,-0.362618,-0.048489,25.000000
24.634439,0.365561,0.121479,0.438673,-0.351652,0.034458,25.000000
24.755919,0.244081,-0.081801,0.292898,-0.344329,-0.030370,25.000000
24.674118,0.325882,0.076956,0.391058,-0.334553,0.020450,25.000000
24.751074,0.248926,-0.047612,0.298711,-0.327085,-0.019239,25.000000
24.703461,0.296539,0.049562,0.355847,-0.318189,0.011903,25.000000
24.753023,0.246977,-0.026798,0.296372,-0.310779,-0.012391,25.000000
24.726225,0.273775,0.032663,0.328530,-0.302566,0.006700,25.000000
24.758888,0.241112,-0.014165,0.289334,-0.295333,-0.008166,25.000000
24.744724,0.255276,0.022197,0.306331,-0.287675,0.003541,25.000000
24.766922,0.233078,-0.006538,0.279694,-0.280682,-0.005549,25.000000
24.760384,0.239616,0.015681,0.287540,-0.273494,0.001635,25.000000
24.776064,0.223936,-0.001972,0.268723,-0.266776,-0.003920,25.000000
24.774092,0.225908,0.011585,0.271090,-0.259998,0.000493,25.000000
24.785677,0.214323,0.000723,0.257188,-0.253569,-0.002896,25.000000
24.786400,0.213600,0.008979,0.256320,-0.247161,-0.000181,25.000000
24.795378,0.204622,0.002280,0.245547,-0.241022,-0.002244,25.000000
24.797657,0.202343,0.007290,0.242812,-0.234952,-0.000570,25.000000
24.804947,0.195053,0.003141,0.234064,-0.229100,-0.001822,25.000000
24.808088,0.191912,0.006166,0.230294,-0.223343,-0.000785,25.000000
24.814255,0.185745,0.003582,0.222894,-0.217770,-0.001542,25.000000
24.817837,0.182163,0.005395,0.218596,-0.212306,-0.000896,25.000000
24.823231,0.176769,0.003772,0.212123,-0.207003,-0.001348,25.000000
24.827003,0.172997,0.004840,0.207596,-0.201813,-0.000943,25.000000
24.831844,0.168156,0.003809,0.201787,-0.196768,-0.001210,25.000000
24.835653,0.164347,0.004426,0.197216,-0.191838,-0.000952,25.000000
24.840080,0.159920,0.003757,0.191904,-0.187040,-0.001107,25.000000
24.843838,0.156162,0.004100,0.187395,-0.182355,-0.000939,25.000000
24.847939,0.152061,0.003655,0.182474,-0.177793,-0.001025,25.000000
24.851593,0.148407,0.003834,0.178088,-0.173341,-0.000914,25.000000
24.855427,0.144573,0.003526,0.173488,-0.169004,-0.000958,25.000000
24.858952,0.141048,0.003605,0.169258,-0.164772,-0.000881,25.000000
24.862556,0.137444,0.003382,0.164932,-0.160649,-0.000901,25.000000
24.865938,0.134062,0.003402,0.160874,-0.156627,-0.000845,25.000000
24.869339,0.130661,0.003236,0.156793,-0.152707,-0.000850,25.000000
24.872574,0.127426,0.003218,0.152911,-0.148885,-0.000809,25.000000
24.875792,0.124208,0.003087,0.149050,-0.145158,-0.000804,25.000000
24.878880,0.121120,0.003048,0.145345,-0.141525,-0.000772,25.000000
24.881927,0.118073,0.002942,0.141687,-0.137983,-0.000762,25.000000
24.884871,0.115129,0.002891,0.138155,-0.134529,-0.000736,25.000000
24.887762,0.112238,0.002801,0.134686,-0.131162,-0.000723,25.000000
24.890564,0.109436,0.002744,0.131323,-0.127878,-0.000700,25.000000
24.893309,0.106691,0.002666,0.128030,-0.124678,-0.000686,25.000000
24.895975,0.104025,0.002606,0.124830,-0.121557,-0.000667,25.000000
24.898581,0.101419,0.002538,0.121703,-0.118514,-0.000651,25.000000
24.901117,0.098883,0.002477,0.118659,-0.115548,-0.000634,25.000000
24.903595,0.096405,0.002411,0.115686,-0.112656,-0.000619,25.000000
24.906006,0.093994,0.002354,0.112793,-0.109836,-0.000603,25.000000
24.908360,0.091640,0.002293,0.109969,-0.107087,-0.000588,25.000000
24.910652,0.089348,0.002238,0.107217,-0.104406,-0.000573,25.000000
24.912889,0.087111,0.002180,0.104533,-0.101793,-0.000559,25.000000
24.915070,0.084930,0.002126,0.101917,-0.099245,-0.000545,25.000000
24.917196,0.082804,0.002072,0.099364,-0.096761,-0.000532,25.000000
24.919268,0.080732,0.002022,0.096879,-0.094339,-0.000518,25.000000
24.921289,0.078711,0.001970,0.094453,-0.091978,-0.000505,25.000000
24.923260,0.076740,0.001920,0.092088,-0.089675,-0.000493,25.000000
24.925180,0.074820,0.001872,0.089783,-0.087431,-0.000480,25.000000
24.927053,0.072947,0.001825,0.087536,-0.085242,-0.000468,25.000000
24.928879,0.071121,0.001780,0.085345,-0.083109,-0.000456,25.000000
24.930658,0.069342,0.001737,0.083210,-0.081029,-0.000445,25.000000
24.932394,0.067606,0.001693,0.081127,-0.079000,-0.000434,25.000000
24.934088,0.065912,0.001648,0.079095,-0.077023,-0.000423,25.000000
24.935736,0.064264,0.001610,0.077117,-0.075095,-0.000412,25.000000
24.937346,0.062654,0.001567,0.075185,-0.073215,-0.000402,25.000000
24.938913,0.061087,0.001529,0.073304,-0.071383,-0.000392,25.000000
24.940443,0.059557,0.001490,0.071468,-0.069596,-0.000382,25.000000
24.941933,0.058067,0.001454,0.069681,-0.067854,-0.000372,25.000000
24.943386,0.056614,0.001418,0.067937,-0.066156,-0.000363,25.000000
24.944803,0.055197,0.001382,0.066236,-0.064500,-0.000354,25.000000
24.946186,0.053814,0.001346,0.064577,-0.062885,-0.000346,25.000000
24.947531,0.052469,0.001316,0.062963,-0.061311,-0.000336,25.000000
24.948847,0.051153,0.001278,0.061384,-0.059777,-0.000329,25.000000
24.950125,0.049875,0.001250,0.059850,-0.058280,-0.000319,25.000000
24.951376,0.048624,0.001214,0.058349,-0.056822,-0.000313,25.000000
24.952591,0.047409,0.001188,0.056891,-0.055399,-0.000304,25.000000
24.953779,0.046221,0.001155,0.055465,-0.054013,-0.000297,25.000000
24.954935,0.045065,0.001128,0.054078,-0.052661,-0.000289,25.000000
24.956062,0.043938,0.001101,0.052725,-0.051343,-0.000282,25.000000
